title,allpoints_number,price,description,specifications,oem_names_numbers
"103-1024 - GASKET,BLOWER BOX",103-1024,71.00,"
LENGTH: 6"" | 152 mm
WIDTH: 6"" | 152 mm
","


Ship Weight : 0.09 lbs.

","{'Ultrafryer': ['22870', 'ULTR22870']}"
"ULTRAFRYER - 12C813-C - GASKET,APRON (4"" X 36"")",103-1072,467.00,"
MATERIAL: SILICONE
LENGTH: 36"" | 914 mm
WIDTH: 4"" | 102 mm
","


Ship Weight : 7.38 lbs.

","{'Ultrafryer': ['12C813', '12C813-C', '20A014', 'ULTR12C813', 'ULTR20A014']}"
"103-1075 - GASKET,DRAIN VALVE",103-1075,110.00,"
COLOR: ORANGE
MATERIAL: NEOPRENE
LENGTH: 5 1/2"" | 140 mm
WIDTH: 5"" | 127 mm
INCLUDES: CENTER CUT OUT
THICKNESS: 1/2"" | 13 mm
CENTERS: 4 7/8 X 4"" | 124 X 102 mm
","


Ship Weight : 0.34 lbs.

","{'Ultrafryer': ['22A119', 'ULTR22A119']}"
"103-1154 - GASKET,DRAIN (NEOPREN E)",103-1154,81.00,"
COLOR: ORANGE
MATERIAL: NEOPRENE
LENGTH: 5 11/16"" | 144 mm
WIDTH: 5"" | 127 mm | 2 11/16"" CENTER HOLE | 68 mm CENTER
HOLE
THICKNESS: 1/8"" | 3 mm
","


Ship Weight : 0.16 lbs.

","{'Ultrafryer': ['22768', 'ULTR22768']}"
"196-1084 - SEAL,PUMP (KIT, HAIGHT)",196-1084,105.84,"
COLOR: ORANGE
WEIGHT: .06 lb
","


Ship Weight : 0.06 lbs.

","{'Dean': ['816-0728', '8160728'], 'Frymaster': ['816-0728', '8160728', 'FM816-0728', 'FM8160728'], ""Magikitch'N"": ['60134901'], 'Pitco': ['60134901']}"
"VITA-MIX - 015107 - GASKET,ISOLATION, RUBBER",212-1050,46.65,"
COLOR: BLACK
MATERIAL: RUBBER
WIDTH: 8 1/4"" | 210 mm
DEPTH: 8 5/8"" | 219 mm
","


Ship Weight : 0.75 lbs.

","{'Vita-Mix': ['015107', '15107', 'VM015107', 'VM15107']}"
236-1000 - GASKET KIT (W/CAULK),236-1000,156.97,"
MATERIAL: SILICONE
LENGTH: 154"" GASKET | 3912 mm GASKET
INCLUDES: GASKET AND SEALANT
TYPE: DART STYLE
","


Ship Weight : 1.11 lbs.

","{'Nu-Vu': ['254 1001', '254-1001'], 'Star Mfg': ['254 1001', '254-1001', '254-1001(OEM#)'], 'Stero': ['NUV254 1001', 'NUV254-1001(OEM#)']}"
DORMONT - B50 - QUICK DISCONNECT DEVICE,26-1262,99.06,"
GAS QUICK DISCONNECT ASSEMBLY, 1/2"" FPT
FEMALE END WILL SHUT OFF GAS WHEN SEPERATED.
FEMALE END FROM GAS SUPPLY,
MALE END TO APPLIANCE SIDE ( HAS THERMAL SHUTOFF FEATURE)
TEMPS ABOVE 350 DEGREES F ACTIVATE SAFETY THERMAL RING.
B50
SOLID STATE POCKET GAS DETECTOR # 85-1101
TEFLON THREAD SEALING TAPE # 85-1109 (1/2"" X 520"")
TEFLON THREAD SEALING TAPE # 85-1090 (1/2"" X 260"")
TEFLON SEALING ""PINK"" H/D TAPE # 85-1130 (1/2"" X 260"")
""GRIPP"" HEAVT DUTY THREAD SEALER 1/2 PINT # 85-1101
PTFE HEAVY DUTY THREAD SEALER 1/4 PINT # 85-1136
","


Ship Weight : 0.9 lbs.

","{'Dormont': ['B-50', 'B50'], 'Nieco': ['9165-B', '9165-C'], 'T&S Brass': ['AG-5C']}"
DORMONT - B75 - QUICK DISCONNECT DEVICE,26-1263,137.83,"
GAS QUICK DISCONNECT ASSEMBLY, [ SIZE 3/4"" FPT ]
FEMALE END WILL SHUT OFF GAS WHEN SEPERATED.
FEMALE END FROM GAS SUPPLY,
MALE END TO APPLIANCE SIDE ( HAS THERMAL SHUTOFF FEATURE)
TEMPS ABOVE 350 DEGREES F ACTIVATE SAFETY THERMAL RING.
MFG DORMONT
NIECO BROILER
SOLID STATE POCKET GAS DETECTOR # 85-1101
TEFLON THREAD SEALING TAPE # 85-1109 (1/2"" X 520"")
TEFLON THREAD SEALING TAPE # 85-1090 (1/2"" X 260"")
TEFLON SEALING ""PINK"" H/D TAPE # 85-1130 (1/2"" X 260"")
""GRIPP"" HEAVT DUTY THREAD SEALER 1/2 PINT # 85-1101
PTFE HEAVY DUTY THREAD SEALER 1/4 PINT # 85-1136
","


Ship Weight : 1.5 lbs.

","{'Dormont': ['B-75', 'B75'], 'Nieco': ['9124-B', '9124-BC', '9124-C']}"
DORMONT - B100 - QUICK DISCONNECT DEVICE,26-1264,186.64,"
GAS QUICK DISCONNECT ASSEMBLY, 1"" FPT
FEMALE END WILL SHUT OFF GAS WHEN SEPERATED.
FEMALE END FROM GAS SUPPLY,
MALE END TO APPLIANCE SIDE ( HAS THERMAL SHUTOFF FEATURE)
TEMPS ABOVE 350 DEGREES F ACTIVATE SAFETY THERMAL RING.
SOLID STATE POCKET GAS DETECTOR # 85-1101
TEFLON THREAD SEALING TAPE # 85-1109 (1/2"" X 520"")
TEFLON THREAD SEALING TAPE # 85-1090 (1/2"" X 260"")
TEFLON SEALING ""PINK"" H/D TAPE # 85-1130 (1/2"" X 260"")
""GRIPP"" HEAVT DUTY THREAD SEALER 1/2 PINT # 85-1101
PTFE HEAVY DUTY THREAD SEALER 1/4 PINT # 85-1136
","


Ship Weight : 2.3 lbs.

","{'Dormont': ['B-100', 'B100', 'VND#B100', 'VND-B100']}"
26-1862 - QUICK DISCONNECT DEVICE,26-1862,420.23,"
GAS QUICK DISCONNECT ASSEMBLY,
1-1/4"" FPT, THERMAL SHUTOFF AT 350°F
FEMALE END WILL SHUT OFF GAS WHEN SEPERATED.
FEMALE END FROM GAS SUPPLY,
MALE END TO APPLIANCE SIDE ( HAS THERMAL SHUTOFF FEATURE)
TEMPS ABOVE 350 DEGREES F ACTIVATE SAFETY THERMAL RING.
SOLID STATE POCKET GAS DETECTOR # 85-1101
TEFLON THREAD SEALING TAPE # 85-1109 (1/2"" X 520"")
TEFLON THREAD SEALING TAPE # 85-1090 (1/2"" X 260"")
TEFLON SEALING ""PINK"" H/D TAPE # 85-1130 (1/2"" X 260"")
""GRIPP"" HEAVT DUTY THREAD SEALER 1/2 PINT # 85-1101
PTFE HEAVY DUTY THREAD SEALER 1/4 PINT # 85-1136
","


Ship Weight : 2.2 lbs.

","{'Dormont': ['A-125', 'A125', 'B-125'], 'T&S Brass': ['AG-5F', 'AG5F']}"
"DORMONT - SM50 - SWIVEL 1/2""",26-2526,160.00,"
1/2"" SUPER-SWIVEL 360 DEGREE MULTI-PLANE FITTING,
1/2 PSIG MAX
SOLID STATE POCKET GAS DETECTOR # 85-1101
TEFLON THREAD SEALING TAPE # 85-1109 (1/2"" X 520"")
TEFLON THREAD SEALING TAPE # 85-1090 (1/2"" X 260"")
TEFLON SEALING ""PINK"" H/D TAPE # 85-1130 (1/2"" X 260"")
""GRIPP"" HEAVT DUTY THREAD SEALER 1/2 PINT # 85-1101
PTFE HEAVY DUTY THREAD SEALER 1/4 PINT # 85-1136
","


Ship Weight : 1. lbs.

","{'Dormont': ['S50', 'SM50']}"
"DORMONT - SM75 - SWIVEL 3/4""",26-2527,165.01,"
3/4"" SUPER-SWIVEL 360 DEGREE MULTI-PLANE FITTING,
1/2 PSIG MAX
SOLID STATE POCKET GAS DETECTOR # 85-1101
TEFLON THREAD SEALING TAPE # 85-1109 (1/2"" X 520"")
TEFLON THREAD SEALING TAPE # 85-1090 (1/2"" X 260"")
TEFLON SEALING ""PINK"" H/D TAPE # 85-1130 (1/2"" X 260"")
""GRIPP"" HEAVT DUTY THREAD SEALER 1/2 PINT # 85-1101
PTFE HEAVY DUTY THREAD SEALER 1/4 PINT # 85-1136
","


Ship Weight : 0.44 lbs.

","{'Dormont': ['S75', 'S75P1', 'SM75', 'SM75R']}"
"DORMONT - SM100 - SWIVEL 1""",26-2528,266.69,"
1"" SUPER-SWIVEL 360 DEGREE MULTI-PLANE FITTING,
1/2 PSIG MAX
SOLID STATE POCKET GAS DETECTOR # 85-1101
TEFLON THREAD SEALING TAPE # 85-1109 (1/2"" X 520"")
TEFLON THREAD SEALING TAPE # 85-1090 (1/2"" X 260"")
TEFLON SEALING ""PINK"" H/D TAPE # 85-1130 (1/2"" X 260"")
""GRIPP"" HEAVT DUTY THREAD SEALER 1/2 PINT # 85-1101
PTFE HEAVY DUTY THREAD SEALER 1/4 PINT # 85-1136
","


Ship Weight : 0.9 lbs.

","{'Dormont': ['S100', 'SM100']}"
DORMONT - SM125 - 1 1/4in Swivel Connector,26-2529,463.42,"
1-1/4"" SUPER-SWIVEL 360 DEGREE MULTI-PLANE FITTING,
1/2 PSIG MAX
SOLID STATE POCKET GAS DETECTOR # 85-1101
TEFLON THREAD SEALING TAPE # 85-1109 (1/2"" X 520"")
TEFLON THREAD SEALING TAPE # 85-1090 (1/2"" X 260"")
TEFLON SEALING ""PINK"" H/D TAPE # 85-1130 (1/2"" X 260"")
""GRIPP"" HEAVT DUTY THREAD SEALER 1/2 PINT # 85-1101
PTFE HEAVY DUTY THREAD SEALER 1/4 PINT # 85-1136
","


Ship Weight : 2. lbs.

","{'Dormont': ['S125', 'SM125']}"
"263-1012 - GASKET,PUMP INTAKE",263-1012,10.55,"
COLOR: BROWN
MATERIAL: CORK
INNER DIAMETER: 3 1/2"" | 89 mm
OUTER DIAMETER: 5 1/4"" | 133 mm
CENTERS: 2 1/4"" | 57 mm
","


Ship Weight : 0.03 lbs.

","{'Hobart': ['00-119050', '119050', 'HOB00-119050', 'HOB119050']}"
"263-1013 - GASKET,PUMP DRAIN HOLE",263-1013,3.62,"
COLOR: BROWN
MATERIAL: CORK
LENGTH: 2 1/4"" | 57 mm
WIDTH: 1"" | 25 mm
INNER DIAMETER: 1/4"" | 6 mm
CENTERS: 3/4"" | 19 mm
","


Ship Weight : 0.01 lbs.

","{'Hobart': ['00-119051', '119051', 'HOB00-119051', 'HOB119051']}"
"263-1068 - GASKET,PUMP DISCHARGE",263-1068,9.67,"
LENGTH: 5-3/4"" | 146 mm
SCREW CENTERS: 4-5/8"" | 118 mm
","


Ship Weight : 0.02 lbs.

","{'Hobart': ['00-119054', '119054', 'HOB119054']}"
"HOBART - 00-893039-00004 - GASKET,PUMP HOUSING",263-1100,14.76,"
INNER DIAMETER: 5 3/8"" | 137 mm
OUTER DIAMETER: 6 9/16"" | 166 mm
INCLUDES: (4) 7/16"" ID HOLES ON EACH CORNER
","


Ship Weight : 0.03 lbs.

","{'Hobart': ['00-893039-00004', '00-893039-4', '893039-00004', '893039-4']}"
26-4548 - GASKET KIT,26-4548,214.00,"
STAINLESS STEEL GASKET KIT, 4 PIECE WITH SCREWS
BLODGETT DFG-100 XCEL, MARK V XCEL SERIES, SHO-E, SHO-G
","


Ship Weight : 0.9 lbs.

",{'Blodgett': ['36876']}
26-4752 - DOOR SEAL - CENTER LEFT,26-4752,166.26,"
DOOR SEAL CENTER LEFT
25"" LONG
GARLAND OVEN: MCO-ES-10-S, MCO-ES-10A, MCO-ES-ED-10,
MCO-GS-10ARBY, MCO-GS-20ARBY, MCO-GS/GD-10
","


Ship Weight : 0.84 lbs.

","{'Garland': ['1924412', 'GL1924412']}"
26-4751 - DOOR SEAL - CENTER RIGHT,26-4751,137.01,"
DOOR SEAL CENTER RIGHT
25"" LONG
GARLAND OVEN: MCO-ES-10-S, MCO-ES-10A, MCO-ES-ED-10,
MCO-GS-10ARBY, MCO-GS-20ARBY, MCO-GS/GD-10
","


Ship Weight : 0.64 lbs.

","{'Garland': ['1924402', '1924411', 'GL1924402', 'GL1924411']}"
GARLAND - 1924601 - DOOR SEAL - LEFT OR RIGHT,26-4753,81.12,"
DOOR SEAL LEFT OR RIGHT
26"" LONG
GARLAND OVEN: MCO-ES-10-S, MCO-ES-10A, MCO-ES-ED-10,
MCO-GS-10ARBY, MCO-GS-20ARBY, MCO-GS/GD-10
","


Ship Weight : 0.2 lbs.

","{'Garland': ['1924601', 'GL1924601']}"
GARLAND - 1924711 - DOOR SEAL - TOP,26-4754,106.15,"
DOOR SEAL TOP
31-1/4"" LONG
GARLAND OVEN: MCO-ES-10-S, MCO-ES-10A, MCO-ES-ED-10,
MCO-GS-10ARBY, MCO-GS-20ARBY, MCO-GS/GD-10
","


Ship Weight : 0.34 lbs.

","{'Garland': ['1924711', 'GL1924711']}"
GARLAND - 1924712 - DOOR SEAL - BOTTOM,26-4755,113.89,"
DOOR SEAL BOTTOM
31-1/4"" LONG
GARLAND OVEN: MCO-ES-10-S, MCO-ES-10A, MCO-ES-ED-10,
MCO-GS-10ARBY, MCO-GS-20ARBY, MCO-GS/GD-10
","


Ship Weight : 0.37 lbs.

","{'Garland': ['1924712', 'GL1924712']}"
SOUTHBEND - 1181803 - DOOR SEAL - CENTER,26-4916,66.63,"
CENTER DOOR SEAL
21-5/8"" LONG
SOUTHBEND MARATHONER CONVECTION OVENS - SERIES EB, ES, GB,
GS, SL
","


Ship Weight : 0.64 lbs.

","{'Southbend': ['1181803', 'SOU1181803']}"
"MONTAGUE - 26183-1 - 3/16"" SLEEVE",26-4962,1.39,"
COMPRESSION SLEEVE, 3/16"" X 1/8""
MONTAGUE RANGE GE, GEC, GEM
","


Ship Weight : 0.01 lbs.

",{'Montague': ['26183-1']}
DELFIELD - 0160014-S - PAN W/DRAIN,26-5995,455.06,"
FOOD WARMER PAN W/DRAIN
DELFIELD 48334, 48348, 48362, 48376, 549-CH, 561-CH,
573-CH,DC-H2, DC-H3, DC-H4, DC-H5, DC-H6, KH2, KH2-NU,
KH2C-74NU,KH2CR-72B, KH2CR-96B, KH3, KH3-NU, KH3C-74NU,
KH3C-96NU,KH3CR-96B, KH4, KH4-NU, KH4C-96NU, KH4CR-96B, KH5,
KH5-NU,KH6, KH6-NU, KHC-50NU, KHC-60NU, KHC-74NU, KHC-96NU,
KHCR-50B, KHCR-60B, KHCR-74B, KHCR-96B, SH-6NU, SH2,
SH2-NU,SH2C-74NU, SH2C-96NU, SH2CR-62B, SH2CR-72B,
SH2CR-96B, SH3,SH3-NU, SH3C-74NU, SH3C-96NU,
SH3CR-96B, SH4,SH4-NU,
SH4C-96NU, SH4CR-96B, SH5, SH5-NU, SH6, SHC-50NU, SHC-60NU,
SHC-74NU, SHC-96NU, SHC2-62NU, SHCR-50B, SHCR-60B,
SHCR-74B,SHCR-96B
","


Ship Weight : 7.38 lbs.

","{'Delfield': ['0160014', '0160014-S']}"
"SOUTHERN PRIDE - 070024 - GASKET,OVEN MOUNT (112"")",270-1027,386.70,"
LENGTH: 112"" | 2845 mm
","


Ship Weight : 1.46 lbs.

","{'Southern Pride': ['070024', '4179G', '70024', 'SOP070024', 'SOP4179G', 'SOP70024']}"
CECILWARE - M461AL - SILICONE SEAL,28-1920,2.52,"
DISPENSE VALVE SEAL
SILICONE SEAL, 12MM (.466"" ) ID.
CECILWARE APT100G, APT18G, APT35G, APT35GX, C-2001, C-2002,
C-2003, C-2005, GB1CP, GB1HC-CP, GB1M5.5-IT, GB1P, GB2CP,
GB2HC-CP, GB2M5.5-IT, GB2P, GB3CP, GB3M-10-IT, GB3M-5.5-IT,
GB3P, GB4M-IT, GB5M-IT, JAVA 2-QB-D, JAVA 2-QB-D1, JAVA
2-QB-D2, JAVA 2-QB-D3, JAVA 2-QB-DC, JAVA2-LP, LTB-103,
LTB-103-IR, LTB-105
","


Ship Weight : 0.1 lbs.

","{'Cecilware': ['M461A', 'M461AL'], 'Grindmaster': ['M461A', 'M461AL']}"
"32-1003 - METAL GASKET SET 22.5"" EACH PIECE",32-1003,71.00,"
SS DOOR GASKET, 2 PIECES BOTH 22 5/8"""" LONG"" ""NARROW PIECE
W/ (4) 3/16"" HOLES
BLODGETT EF/EZE, AFTER 6/76, FA/GZL
","


Ship Weight : 0.6 lbs.

","{'Blodgett': ['10471', 'BL10471']}"
"32-1024 - BURNER GASKET 2-11/16"" X 1-1/2""",32-1024,2.99,"
BURNER GASKET, [ 2-11/16"" X 1-1/2"" ] [FIBRE ] [ TYPE C]
[ GREEN ]  2"" CTRS MOUNT HOLES, .9"" CENTER HOLE.
CONNERTON
GARLAND
IMPERIAL
RANKIN-DELUX
US RANGE
SOLID STATE POCKET GAS DETECTOR # 85-1101
TEFLON THREAD SEALING TAPE, # 85-1109 (1/2"" X 520"")
TEFLON SEALING ""PINK"" H/D TAPE # 85-1130 (1/2"" X 260"")
""GRIPP"" HEAVT DUTY THREAD SEALER 1/2 PINT , # 85-1101
PTFE HEAVY DUTY THREAD SEALER 1/4 PINT # 85-1136
","


Ship Weight : 0.1 lbs.

","{'Garland': ['224005', '4521321', 'GL4521321'], 'Imperial': ['1006'], 'Randell': ['RDHP-09', 'RDHP-9', 'SUHP-03', 'SUHP-212-03'], 'Rankin Delux': ['RANRDHP-09', 'RANRDHP09', 'RDHP-09', 'RDHP-9', 'RDHP09', 'SUHP-03', 'SUHP-212-03'], 'Star Mfg': ['2I-Z0752']}"
32-1022 - DOOR SEAL,32-1022,56.00,"
DOOR SEAL(PRESSURE LOCK) ATTACHES TO FRONT OF DOOR
BLODGETT MODEL DFG, 100, 200, 300, MARK V
","


Ship Weight : 0.8 lbs.

","{'Blodgett': ['16448', 'BL16448']}"
"DORMONT - 1675BP48 - DORMONT GAS HOSE ONLY 3/4"" MPT X 48""",32-1014,319.43,"
DORMONT BLUE PLASTIC COATED GAS HOSE W/MALE SWIVEL ENDS.
POLYTEC COATED STAINLESS STEEL BRAIDED HOSES,
3/4"" MPT X 48"" LENGTH
most common qd 261263
1/2"" SAFETY & SHUT-OFF, QUICK DISCONNECT # 52-1109
3/4"" SAFETY & SHUT-OFF, QUICK DISCONNECT # 52-1110
1"" SAFETY & SHUTOF-F, QUICK DISCONNECT # 52-1111
1/2"" SUPER-SWIVEL 360 DEGREE MULTI-PLANE, # 26-2526
3/4"" SUPER-SWIVEL 360 DEGREE MULTI-PLANE, # 26-2527
1"" SUPER-SWIVEL 360 DEGREE MULTI-PLANE, # 26-2528
1-1/4"" SUPER-SWIVEL 360 DEGREE MULTI-PLANE, # 26-2529
1/2"" 90 DEGREE STREET ELBOW MALE/FEMALE # 26-2502
3/4"" 90 DEGREE STREET ELBOW MALE/FEMALE # 26-2503
1"" 90 DEGREE STREET ELBOW MALE/FEMALE # 26-2518
1-1/4"" 90 DEGREE STREET ELBOW MALE/FEMALE # 26-2519
1/2"" TEFLON TAPE 260"" LONG # 85-1090
1/2"" TEFLON TAPE 520"" LONG # 85-1109
","


Ship Weight : 3. lbs.

","{'Dormont': ['1675BP-48', '1675BP48', '1675BP48BX']}"
32-1025 - DOOR GASKET SET,32-1025,543.00,"
SS PERIMETER GASKET SET, 4 PC
BLODGETT
OVEN	SERIES: DFG 100, 200 & 300 BEFORE
7/84~
EF/EZE~
FA/GZL AFTER 1967.
","


Ship Weight : 1.4 lbs.

","{'Blodgett': ['11489', '90010', '9749', 'BL11489', 'BL90010', 'BL9749']}"
"32-1027 - PERIMETER DOOR GASKET 30-3/8""",32-1027,234.00,"
PERIMETER SS GASKET SET, 4 PC
BLODGETT DFG, ZEPHAIRE
","


Ship Weight : 1. lbs.

","{'Blodgett': ['17519', 'BL17519']}"
32-1040 - CENTER GASKET KIT,32-1040,129.00,"
SS CENTER DOOR GASKET SET
2EA 22-3/8"" X 1-3/16"" V SHAPE & 1EA 22-3/8"" L SHAPE PIECE
BLODGETT ZEPHAIRE G
","


Ship Weight : 0.6 lbs.

",{'Blodgett': ['23120']}
BLODGETT - 4598 - SEAL ASSY,32-1041,330.00,"
SEAL ASSEMBLY, 31-5/8"" LONG, 3-1/4"" HIGH,
1-1/4"" WIDE, 3PCS WELDED TOGETHER
ALSO CALLED A CRUMB CATCHER
BLODGETT 999, 1000
","


Ship Weight : 2. lbs.

","{'Blodgett': ['04598', '4598', 'BL4598']}"
"BLODGETT - 17862 - PERIMETER DOOR GASKET 21-7/8""",32-1043,209.00,"
There's no product description on-file for this part.
","


Ship Weight : 0.98 lbs.

","{'Blodgett': ['17862', 'BL17862']}"
32-1054 - HAND HOLE GASKET,32-1054,15.52,"
HAND HOLE GASKET
[ 9-7/8"" X 9-1/8"", 29.83"" CIRCUMFRENCE ] [RUBBER ]
[ TYPE C]  [ ] BLACK  ]  [ EXTERIOR  MOUNT]CIRCULAR,
FLEXIBLE,
APPROX. 3/8"" THICK
CLEVELAND
BOILER	BOILER HH.
STEAMER	42CKEM24/36/48, 24/36CEM24/36/48,
24/36CGM200/250/300, 24/36CDM/CSM.
KETTLE	42CKGM200/250/300, 42CKDM, 42CKSM.
","


Ship Weight : 0.2 lbs.

",{'Cleveland': ['07116']}
"32-1055 - HAND HOLE GASKET 5-3/8"" X 7-3/8""",32-1055,34.09,"
HAND HOLE GASKET
[ 5-3/8"" X 7-3/8"" OD. ] [RUBBER ] [ TYPE C]  [ ] BLACK  ]
[PROFILE  ] [ MOUNT]OVULAR
CLEVELAND
BOILER	BOILER HH.
STEAMER	24-CEM-48, 36-CGM-200, 36-CGM-300, 6-CGM
","


Ship Weight : 0.2 lbs.

","{'Cleveland': ['07106', '078077-3', '7106', '78077-3'], 'Garland': ['078077-3', '78077-1', '78077-3']}"
"32-1070 - GASKET 1-1/8"" D",32-1070,0.52,"
FIBER GASKET WASHER, FOR WATER FEEDER.
[ 1-1/8"" DIA. ] [FIBRE ]
MARKET FORGE BOILER 4 & 6 BURNER GAS BOILERS,
STEAM COIL BOILERS (REAR).  ST-AG (E)
DICONTINUED WATER FEEDER MAR10-4703
VULCAN BOILER
DICONTINUED WATER FEEDER VUL880033
WELLS FRYER
","


Ship Weight : 0.1 lbs.

","{'Hobart': ['00-880033-00014', '80033-14', '880033-00014', '880033-14'], 'Market Forge': ['10-4694', 'S10-4694'], 'Vulcan Hart': ['00-880033-00014', '80033-14', '880033-00014', '880033-14']}"
"32-1071 - L W C O GASKET 3-1/16"" X 3-1/16""",32-1071,2.24,"
LOW WATER CUT-OFF FLOAT ASSEMBLY GASKET.
[ 3-1/16"" X 3-1/16"" ] [RUBBERY FIBRE ] [ BLACK OR GREEN ]
[ MOUNT] 4EA 2-3/8"" MT HOLE CTRS
FOR LWCO #32-1845
FOR LOW WATER CUT-OFF FLOAT ASSEMBLY # 42-1001
CLEVELAND BOILER
MARKET FORGE STEAMER/BOILER
","


Ship Weight : 0.1 lbs.

","{'Cleveland': ['07105'], 'Market Forge': ['10-5209', 'S10-5209']}"
32-1086 - PUMP SEAL,32-1086,238.68,"
TWO PIECE PUMP SEAL, 1"" ID
BKAKESLEE DISHWASHER D-8, RP
","


Ship Weight : 0.28 lbs.

","{'Blakeslee': ['01255', '02255', 'W-2-2255']}"
32-1088 - PUMP SEAL,32-1088,54.83,"
GOULD PUMP SEAL,
STERO DISHWASHER
","


Ship Weight : 0.2 lbs.

","{'General Electric': ['349384-1', 'XND19X32'], 'Hobart': ['00-349384-00001', '00-349384-1', '349384-1'], 'Stero': ['0P-572083', 'P57-2083', 'P572083']}"
32-1089 - PUMP SEAL,32-1089,80.11,"
PUMP SEAL, 5/8"" OD
METAL BAND 1.045"" OD W/BLACK SEAL .615""ID,
WHITE CERAMIC W/ BLACK SEAL 1.257"" OD
W/WHITE CERAMIC .670"" ID
HOBART DISHWASHER AM-8
","


Ship Weight : 0.2 lbs.

",{}
32-1090 - PUMP SEAL,32-1090,409.63,"
PUMP SEAL, 1"" OD
HOBART DISHWASHER C44, (NOT C44A)
","


Ship Weight : 0.25 lbs.

","{'Hobart': ['00-104330', '00-79205', '104330', '79205']}"
32-1091 - PUMP SEAL,32-1091,132.41,"
NOW PUMP SEAL WITH CERAMIC, 5/8"" DIA.
WAS JACKSON 87500/89000
JACKSON DISHWASHER 10, 50, 100
","


Ship Weight : 0.1 lbs.

","{'Jackson': ['05330-300-09-27', '5330-300-09-27', '53303000927', '87500', '89000']}"
32-1092 - PUMP SEAL,32-1092,72.72,"
PUMP SEAL, 3/4"" SHAFT, FOR 1 HP MOTORS,
STERO DISHWASHER SDRA, SD2RA, SC-1 THRU SC-9, SYSTEMATIC
","


Ship Weight : 0.1 lbs.

","{'Stero': ['0P-151696', '0P-571696', 'P15-1696', 'P151696', 'P57-1696', 'P571696']}"
32-1093 - PUMP SEAL,32-1093,88.42,"
PUMP SEAL, 1"" SHAFT, MOTORS: 1-1/2, 2, 3, HP.
BETWEEN IMPELLER & PUMP MOTOR.
STERO DISHWASHER 368, 370, SC- 1 THRU SC-9, SCT,
STW, SYSTEMATIC, UTENSIL.
","


Ship Weight : 0.25 lbs.

","{'Stero': ['0P-151697', '0P-571697', 'P15-1697', 'P151697', 'P57-1697', 'P571697']}"
32-1094 - PUMP SEAL,32-1094,37.38,"
PUMP SEAL, 5/8"" OD
VULCAN DISHWASHER
","


Ship Weight : 0.1 lbs.

","{'Hobart': ['00-104329', '00-114696', '00-906410', '104329', '106410', '114696', '906410'], 'Vulcan Hart': ['00-906410', '106410', '906410']}"
"32-1105 - DOOR GASKET 28"" X 11.75""",32-1105,198.26,"
DOOR GASKET,
[ 28"" X 11.75"" ] [RUBBER ] [ TYPE C]  [ ] BLACK  ]
[ MOUNT] 8EA 7.5"" MT HOLE CTRS.
MARKET FORGE STEAMER A, A-1
SOUTHBEND STEAMER BOILER CG-(24S,317S,325S), CSC-(24S,
36S), EC-(2,3S), EDA-2S, EHD-2S, GC-(2S,3S), GDA-(2,2S)
GHD-2S, SC-(2S,3S), SCDA-(2, 2S), SCHD-2S.
","


Ship Weight : 2.3 lbs.

","{'CROWN STEAM': ['8-1178'], 'Hobart': ['00-842936', '841749', '842936'], 'Market Forge': ['10-0433', 'S10-0433'], 'Southbend': ['8-1178'], 'Vulcan Hart': ['00-842936', '841749', '842936']}"
"32-1104 - DOOR GASKET APPROX. 14"" D.,  44"" CIR",32-1104,109.24,"
GASKET
[ APPROX. 14"" D.,  44"" CIRCUMFRENCE ] [RUBBER ] [ TYPE C]  [
] GRAY  ]  [ PROFILE MOUNT] CIRCLE
MARKET FORGE
STEAMER	3100, JET (B), ST-AG(B,C,D,E, F), ST-AS(D,E,F,G,H),
ST-E(B,U,UT), STEAM-IT.
","


Ship Weight : 0.4 lbs.

","{'Market Forge': ['10-2666', 'S10-2666']}"
"32-1118 - HOUSING GASKET 3-1/16"" X 2-7/16""",32-1118,3.43,"
FDO THERMOSTAT HOUSING GASKET,
[ 3-1/16"" X 2-7/16"" ] [FIBRE ] [ GRAY ]
SOLID STATE POCKET GAS DETECTOR # 85-1101
TEFLON THREAD SEALING TAPE, # 85-1109 (1/2"" X 520"")
TEFLON SEALING ""PINK"" H/D TAPE # 85-1130 (1/2"" X 260"")
""GRIPP"" HEAVT DUTY THREAD SEALER 1/2 PINT , # 85-1101
PTFE HEAVY DUTY THREAD SEALER 1/4 PINT # 85-1136
","


Ship Weight : 0.1 lbs.

",{}
"MARKET FORGE - 91-6203 - GASKET 1"" D",32-1119,54.62,"
STEAM TRAP LOCKNUT GASKET, [ 1"" DIA. ] [FIBRE ] [ TYPE C]
] GREEN  ] [ MOUNT] CIRCLE
MARKET FORGE STEAMER, STEAM-IT COOKERS
","


Ship Weight : 0.1 lbs.

","{'Market Forge': ['91-6203', '916203']}"
"32-1120 - SILICONE DOOR GASKET 80""",32-1120,90.38,"
GASKET
[ 80"" ] [SILICONE RUBBER ] [ TYPE C]  [ ] GRAY  ]
[ MOUNT]CLOSED LOOP
CLEVELAND
STEAMER	J, PGM.
","


Ship Weight : 1. lbs.

","{'Cleveland': ['07110', '07136', '7110', '7136']}"
32-1122 - SILICONE DOOR GASKET,32-1122,56.36,"
[ 74-1/2"" ] [RUBBER ] [ TYPE C]  [ ] GRAY  ]
[MOUNT]CLOSED LOOP
CLEVELAND
STEAMER	PRESSURE STEAMERS: C, F, K.
","


Ship Weight : 0.9 lbs.

","{'Cleveland': ['07112', '07134', '7112', '7134']}"
"32-1128 - HAND HOLE GASKET 7.25"" X 5.75""",32-1128,44.00,"
HAND HOLE COVER GASKET, [ 7.25"" X 5.75"" ] [RUBBER ]
[ BLACK  ] [ MOUNT]OVULAR
FOR HAND HOLE COVER # 24-1009
VULCAN STEAMERS SQ-36, SERIES VL, VS
VSX24D, VSX24E, VSX24G, VSX36D, VSX36E, VSX36G, VSX36R,
VSX42DT, VSX42ET, VSX42GT, VSX42RT
","


Ship Weight : 0.2 lbs.

","{'Hobart': ['00-880023', '80023', '880023'], 'Vulcan Hart': ['00-880023', '80023', '880023']}"
"32-1129 - DOOR GASKET 15-3/4"" X 11-1/2""",32-1129,165.92,"
DOOR GASKET
[ 15 3/4"" X 11-1/2"" ] [RUBBER ] [ TYPE C]  [ ] GREY ]
CLEVELAND
STEAMER	CONVECTION STEAMER: 6CEM,6CGM,
21-CET-8, 24-CGM-200, 36-CGM-300, C, CET-5, CKGM, D.
","


Ship Weight : 1.1 lbs.

","{'Cleveland': ['07138', '07138']}"
"32-1139 - GASKET 2-1/8"" X 1-15/16""",32-1139,2.96,"
BJ THRMOSTAT WIDE FLANGE GASKET, SOLD EACH.
[ 1-5/8"" X 15/16"" ] [FIBRE ] [ BLACK ]
[ MOUNT 1-1/8"" HOLE CTRS ]
SOLID STATE POCKET GAS DETECTOR # 85-1101
TEFLON THREAD SEALING TAPE, # 85-1109 (1/2"" X 520"")
TEFLON SEALING ""PINK"" H/D TAPE # 85-1130 (1/2"" X 260"")
""GRIPP"" HEAVT DUTY THREAD SEALER 1/2 PINT , # 85-1101
PTFE HEAVY DUTY THREAD SEALER 1/4 PINT # 85-1136
","


Ship Weight : 0.1 lbs.

",{}
32-1147 - PUMP SEAL,32-1147,95.29,"
PUMP SEAL 5/8"" DIA.
ADAMATION DISWASHER USED ON ""WORTHINGTON"" PUMPS ONLY.
CHAMPION DISWASHER SERIES: L33, FW60
JACKSON DISWASHER JPX 300
","


Ship Weight : 0.25 lbs.

","{'Adamation': ['55-6301-350'], 'Champion': ['106467'], 'Insinger': ['D-2534', 'D2-534', 'D2534'], 'Jackson': ['05330-002-34-22', '5330-002-34-22', '53300023422']}"
32-1161 - PUMP SEAL,32-1161,60.02,"
PUMP SEAL, 5/8"" DIA.
JACKSON DISHWASHER JP24
STERO DISHWASHER SC-1 THRU SC-9, SCT, SGW-H-M, SGW-M,
SYSTEMATIC. ""PRICE PUMP""
","


Ship Weight : 0.25 lbs.

","{'Jackson': ['05330-002-87-16', '05330-011-44-06', '114406', '5330-002-06-21', '5330-002-87-16', '5330-011-44-06', '53300020621', '53300028716', '53300114406'], 'Stero': ['0P-151030', '0P-571030', 'P15-1030', 'P151030', 'P57-1030', 'P571030']}"
"32-1162 - DOOR GASKET 30.5"" X 24""",32-1162,160.00,"
DOOR GASKET, [ 30.5"" X 24"" ] [RUBBER ] [ TYPE C] [ GRAY]
[ MOUNT 3.75"" CTRS MOUNT HOLES THROUGHOUT.
VULCAN OVEN SG (2,10,22), GT88
","


Ship Weight : 0.9 lbs.

","{'Hobart': ['00-411688-00001', '111688-1', '411688-00001', '411688-1'], 'Vulcan Hart': ['00-411688-00001', '111688-1', '411688-00001', '411688-1', 'VH111688-1', 'VH411688-1']}"
"32-1163 - DOOR GASKET 26.25"" & 75.75"" PIECES",32-1163,150.16,"
2 PIECE DOOR GASKET KIT, [ 26.25"" & 75.75"" PIECES ]
[METAL & WOVEN ] [ TYPE C]  [ SILVER/GRAY  ]
[ PROFILE ROUND AND OFF-SET ] [CLIPS MOUNT]
VULCAN OVEN RETRO FIT KIT SERIES SG7800
","


Ship Weight : 0.6 lbs.

","{'Hobart': ['00-411688-00002', '00-418557', '00-419657-000G1', '111688-2', '411688-00002', '411688-2', '418557', '419657-000G1', '419657-G1'], 'Vulcan Hart': ['00-411688-00002', '00-418557', '00-419657-000G1', '111688-2', '411688-00002', '411688-2', '418557', '419657-000G1', '419657-G1', '419657G1', 'VH111688-2', 'VH411688-2', 'VH418557', 'VH419657G1']}"
"32-1165 - BURNER GASKET 2-11/16"" x 1-3/4""",32-1165,5.74,"
BURNER HEAD GASKET
[ 2-11/16"" x 1-3/4"" ] [FIBRE ] [ TYPE C]  [ ] GRAY  ]
2"" CTRS MOUNT HOLES.
AMERICAN RANGE
GARLAND
VULCAN
WOLF
SOLID STATE POCKET GAS DETECTOR # 85-1101
TEFLON THREAD SEALING TAPE, # 85-1109 (1/2"" X 520"")
TEFLON SEALING ""PINK"" H/D TAPE # 85-1130 (1/2"" X 260"")
""GRIPP"" HEAVT DUTY THREAD SEALER 1/2 PINT , # 85-1101
PTFE HEAVY DUTY THREAD SEALER 1/4 PINT # 85-1136
","


Ship Weight : 0.1 lbs.

","{'American Range': ['10461', 'A14039'], 'Dynamic Cooking Systems': ['14000'], 'Garland': ['224005-1'], 'Hobart': ['00-714910', '14910', '19269', '20045', '714910', '719269'], 'Vulcan Hart': ['00-714910', '14910', '19269', '20045', '714910', '719269']}"
"HATCO - 02.11.012.00 - FLANGE GASKET 2.75"" X 2.75""",32-1166,2.00,"
2-1/2"" SQUARE FLANGE GASKET, FIBER,
[ 2.685"" X 2.685"" ] [FIBRE ] [ TYPE C]  [ ] GREEN  ]  [
PROFILE  ] [ MOUNT] 1.75"" MOUNT HOLE CTRS.
GARLAND BOILERS
HATCO BOOSTER ELEMENTS
","


Ship Weight : 0.1 lbs.

","{'Hatco': ['02-11-012', '02-11-012-00', '02.11.012', '02.11.012.00', '2-11-012', '2-11-012-00', '2.11.012', '2.11.012.00', 'HT02-11-012', 'HT02-11-012-00', 'HT02.11.012', 'HT02.11.012.00', 'HT2-11-012', 'HT2-11-012-00', 'HT2.11.012', 'HT2.11.012.00']}"
32-1169 - TOP GASKET,32-1169,1.84,"
T&S TOP GASKET FOR HEAVY DUTY FAUCETS
","


Ship Weight : 0.02 lbs.

",{}
32-1198 - HAND HOLE GASKET,32-1198,30.54,"
HAND HOLE COVER GASKET,
[ 4-3/4"" X 6-1/8"" ] [RUBBER ] [ TYPE C]  [ ] BLACK  ]
[ MOUNT] OVULAR
FOR HAND HOLE COVER # 24-1165
MARKET FORGE STEAMER/BOILER M24G100A-4SP, M24G200A-4SP,
M36G100A-4SP, M36G200A-4SP, M36G300A-4SP
","


Ship Weight : 0.3 lbs.

","{'Market Forge': ['08-4415', '8-4415']}"
32-1200 - DOOR GASKET,32-1200,15.00,"
DOOR GASKET, PER FT.
[RUBBER  ] [ TYPE C]  [ GRAY  ]
1.200th WIDE .310 HIGH AND THE FLAT IS .080
ALTO_SHAAM COOK & HOLD OVENS
ALTO SHAAM RECOMMENDS 10FT PER DOOR
","


Ship Weight : 0.09 lbs.

","{'Alto-Shaam': ['GS-2398'], 'Electrolux': ['0KA949']}"
32-1211 - DOOR GASKET (PER FT),32-1211,4.20,"
DOOR GASKET, SOLD PER FT, 3/4"" WIDE X 9/16"" HIGH
COMPRESSION GASKET SCREW MOUNTED
SILICONE RUBBER - COLOR: LIGHT GREY, DUROMETER: 60+/-5,
TENSILE PSI: 675, ELONGATION %: 225, TEAR DIE B PPI: 60,
BRITTLE POINT: -100 DEG F TO 450 DEG F.
FOR CORNER SECTIONS USE # 32-1221 ( SLIPS INSIDE GASKET
TO FORM THE CORNER )
CRES-COR INSULATED FOOD WARMER CABINETS
","


Ship Weight : 0.2 lbs.

",{}
"32-1208 - FLANGE GASKET 3"" X 3""",32-1208,8.99,"
GASKET, 3"" SQUARE FLANGE
[ 3"" X 3"" ] [RUBBER ] [  BLACK  ]
MOUNT 4 HOLES, 2.25"" MOUNT HOLE CTRS
CHAMPION DISHWASHER
CLEVELAND STEAMERS
JACKSON DISHWASHER 150, JP24
","


Ship Weight : 0.1 lbs.

","{'Champion': ['108345'], 'Cleveland': ['07128', '7128'], 'Jackson': ['05330-011-47-79', '5330-011-47-79', '53300114779']}"
32-1210 - SEAL KIT,32-1210,77.75,"
PACKING SEAL KIT, KIT CONSISTS OF: (2)WASHER, (1)SPRING &
(1)PACKING. TWO NEEDED PER KETTLE
GROEN TRUNNION KETTLE
MARKET FORGE KETTLE MT-5, MT5-T5
","


Ship Weight : 0.1 lbs.

","{'Groen': ['002019&002025&002033', '2019&2025&2033', 'Z002019&002025&002033'], 'Market Forge': ['10-5337', 'S10-5337']}"
"32-1216 - GASKET SHEET 6"" X 6""",32-1216,2.88,"
RUBBER GASKET SHEET
[ 6"" X 6"" X 1/8"" ] [RUBBER ] [ ORANGE  ]
190F HEAT TOLARANCE
","


Ship Weight : 0.2 lbs.

",{}
32-1220 - VALVE GASKET,32-1220,48.12,"
VALVE GASKET,
FOR SUPPLY & EXHAUST VALVE # 56-1184
MARKET FORGE STEAMER/BOILER MODEL 2 A-PLUS, A-PLUS STEAM
COOKER, Model 2A Steam Cooker, Model 3A Steam Cooker, Model
4A Steam Cooker
","


Ship Weight : 0.1 lbs.

","{'Market Forge': ['10-2696', '91-6204']}"
CRES COR - 0861 155 1 - WIPER STRIP,32-1222,16.00,"
WIPER STRIP
25-3/4"" LONG X 1-1/2"" WIDE, GRAY, 5/64"" THICK
CRES COR WARMERS WITH DOUBLE DOORS
","


Ship Weight : 0.1 lbs.

","{'Cres Cor': ['0861 155 1', '0861-155-1', '08611551']}"
"32-1238 - Kason® 401SA6060084,EASI MOUNTÂ© VINYL STRIP",32-1238,31.20,"
EASIMOUNT STRIP CURTAIN
REPLACEMENT STRIP
6"" x 84""
  
KASON® Easimount Strip Curtain  
1-Year Manufacturer's Warranty
Warranty
","


Ship Weight : 1.8 lbs.

","{'Kason': ['401SA6060084', '402SA6060084']}"
32-1239 - Kason® - 401SA8080090 SINGLE STRIP,32-1239,45.10,"
EASIMOUNT STRIP CURTAIN
REPLACEMENT STRIP FOR COOLERS ONLY
8"" X 90""
  
KASON® Easimount Strip Curtain  
1-Year Manufacturer's Warranty
Warranty
","


Ship Weight : 2.9 lbs.

","{'Kason': ['401SA8080090', '401SA8080890', '402SA8080090']}"
"32-1250 - UNION GASKET 1.25"" D",32-1250,4.00,"
UNION GASKET, [ 1.25"" ID. 1 3/4"" OD ] 3/32"" THICK
[RUBBER ] [ TYPE C]  BLACK
HATCO BOOSTER FR, 3CS
","


Ship Weight : 0.1 lbs.

","{'Hatco': ['05-06-009', '05-06-009-00', '05.06.009', '05.06.009.00']}"
32-1251 - RUBBER STOPPER,32-1251,6.00,"
RUBBER STOPPER, 1 3/8"" TO 1 1/2"" AT TOP,
HATCO BOOSTER FR, 3CS
","


Ship Weight : 0.1 lbs.

","{'Hatco': ['05-06-026', '05-06-026-00', '05.06.026', '05.06.026.00']}"
"32-1252 - GASKET 1-5/8"" D.",32-1252,2.20,"
ELEMENT GASKET
[ 1-5/8"" DIA. OD ] 1-5/16"" DIA ID, 1/2"" LONG, [ RUBBER ]
BLACK, CIRCLE
HATCO WARMER	SERIES: 3CS, FR.
","


Ship Weight : 0.1 lbs.

","{'Cecilware': ['M018A', 'M018C'], 'Grindmaster': ['M018A', 'M018C'], 'Hatco': ['05-06-005', '05-06-005-00', '05.06.005', '05.06.005.00']}"
32-1253 - PUMP SEAL,32-1253,99.36,"
PUMP SEAL, .612"" ID ON SPRING ASSEMBLY,
1.455"" OD ON BLACK SEAL
CHAMPION DISHWASHER
NEW STYLE JET PUMPS IDENTIFIED BY RUBBER HOSE CONNECTION
","


Ship Weight : 0.25 lbs.

","{'Champion': ['109946', '111111']}"
32-1254 - SILICONE TUBING (FT),32-1254,28.85,"
NSF APPROVED
"" SILICON HOSE, MAX TEMP = 500 DEGREE""
1/2"" ID X 5/8"" OD
HOSE CLAMP  # 85-1000
GROEN
STEAMER	SERIES: HYPERSTEAM
#4 SS HOSE CLAMP 7/32"" TO 5/8"" # 85-1053
#6 SS HOSE CLAMP 3/8"" TO 7/8"" # 85-1000
#10 SS HOSE CLAMP 9/16"" TO 1-1/4"" # 85-1056
#.. SS HOSE CLAMP 11/16"" TO 1-1/2"" # 85-1267
#20 SS HOSE CLAMP 3/4"" TO 1-3/4"" # 85-1002
#.. SS HOSE CLAMP 1-5-16"" TO 2-1/8"" # 85-1268
HOSE/PLASTIC PIPE CUTTER # 72-1183
","


Ship Weight : 0.1 lbs.

","{'Groen': ['071275', '080631', '085149', '090741', '096806', '099911', '099912', '099913', '099914', '106584', '110887A', '110887B', '110887F', '505100', '505100 INCH', '71275', '80631', '90741', '96806', '99911', '99912', '99913', '99914', 'Z071275', 'Z080631', 'Z085149', 'Z090741', 'Z096806', 'Z099911', 'Z099912', 'Z099913', 'Z099914']}"
"32-1259 - GASKET 2-7/8"" X 2-7/8""",32-1259,7.96,"
ELEMENT FLANGE GASKET
[ 2-7/8"" X 2-7/8"" ] [FIBRE ][ GREEN ]
4 HOLES, 2"" CTRS MOUNT HOLES
STERO DISHWASHER SC-1 THRU SC-9, SD2RA, SDRA, SDRA-PKG,
SGW-H-M, SGW-M,	STBUW, STC, STPC, STPCW, SYSTEMATIC,
UTENSIL.
","


Ship Weight : 0.1 lbs.

","{'Stero': ['0A-571114', 'A57-1114', 'A571114', 'SOA57-1114']}"
"STAR MFG - 2I-70147 - GASKET 5-5/8"" D",32-1260,3.10,"
RUBBER GASKET
[ 5-5/8"" DIA ] [RUBBER ] [ TYPE C]  [ ] WHITE  ]
BLOOMRFIELD
","


Ship Weight : 0.1 lbs.

","{'Bloomfield': ['2I-70147', '2I70147', '8043-12', 'BLM2I70147', 'BLM8043-12'], 'Star Mfg': ['2I-70147', 'WS-8043-12'], 'Vollrath/Idea-Medalie': ['8043-12'], 'Wells': ['2I-70147']}"
"32-1261 - GASKET 2.5"" D. X .5"" WIDE",32-1261,1.33,"
SPRAYHEAD GASKET,
[ 2.5"" D. X .5"" WIDE ] [RUBBER ] [ TYPE C]  [ ] WHITE  ]
[ PROFILE  ] [ MOUNT  CIRCLE
BLOOMFIELD COFFEE BREWER 8716
","


Ship Weight : 0.01 lbs.

","{'Blodgett': ['2I-70139'], 'Bloomfield': ['2I-70139', '2I70139', '8543-42', 'BLM2I-70139', 'BLM2I70139', 'BLM8543-42'], 'Star Mfg': ['-2I-70139', '-WS-8543-42', '2I-70139', '2I70139', 'WS-8543-42'], 'Vollrath/Idea-Medalie': ['8543-42'], 'Wells': ['2I-70139']}"
"32-1270 - GASKET .75"" D.",32-1270,2.00,"
ELEMENT GASKET, TANK HEATER
[ .75"" D. ] [FIBRE ] [ TYPE C]  [ TAN  ] [ MOUNT]CIRCLE
BUNN-O-MATIC COFFEE BREWER CWTF, F
","


Ship Weight : 0.1 lbs.

","{'Bunn': ['00943-0000', '00943.0000', '0943.0000', '943', '943-0000', '943.0000', 'BU00943-0000', 'BU00943.0000', 'BU0943.0000', 'BU943', 'BU943-0000', 'BU943.0000']}"
"32-1271 - GASKET 7"" D",32-1271,6.30,"
TANK LID GASKET, 7""OD X 5-3/4"" ID, 8 HOLES, SILICONE,
BUNN-O-MATIC
COFFEE BREWERS: C12, OL15(BEFORE S/N 9475),
OL20(BEFORE S/N 28290), OL35(BEFORE S/N 12461),
OT15(AFTER S/N 1901), OT20(AFTER S/N 28701),
OT35(AFTER S/N 7901).
SERIES: BL, BT, C, CG, CRTF, CT, CTF, CTFG, CTG, CW,
CWAPS, CWG, CWT, CWTAPS, CWTF, CWTFAPS, CWTFCOMP,
CWTFG, CWTFTS, CWTG, CWTS, CWTTS, CWTWIN, F, FL, FWR,
RL(BEFORE S/N 137510), RT(AFTER S/N 81501), RTF,
SYSTEM II(1.6 GAL), TC, TCF, TW, TW12, TWC, TWCF,
TWF, TWF12, VLPF, VP17, VPCA, VPCAF, VPCP, VPR, VPS,
VPSF. COFFEE URNS: UCB.
TEA BREWER: EASY-T, TU3Q. HOT WATER HW2.
NEWCO
","


Ship Weight : 0.1 lbs.

","{'Bunn': ['04221.0000', '4221', '4221-0000', 'BU04221.0000', 'BU4221-0000'], 'Newco': ['704221']}"
32-1281 - VALVE WITH O-RING ASSY,32-1281,65.82,"
DISPENSER VALVE W/ O-RING, 3-3/4"" LONG
CRATHCO/GRINDMASTER
","


Ship Weight : 0.8 lbs.

","{'Cecilware': ['1010A'], 'Grindmaster': ['1010A']}"
32-1303 - SILICONE TUBING (PER FT),32-1303,6.06,"
CLEAR SILICONE TUBING, 5/16"" ID X 9/16"" OD, BY THE FOOT
CURTIS COFFEE
#4 SS HOSE CLAMP 7/32"" TO 5/8"" # 85-1053
#6 SS HOSE CLAMP 3/8"" TO 7/8"" # 85-1000
#10 SS HOSE CLAMP 9/16"" TO 1-1/4"" # 85-1056
#.. SS HOSE CLAMP 11/16"" TO 1-1/2"" # 85-1267
#20 SS HOSE CLAMP 3/4"" TO 1-3/4"" # 85-1002
#.. SS HOSE CLAMP 1-5-16"" TO 2-1/8"" # 85-1268
HOSE/PLASTIC PIPE CUTTER # 72-1183
","


Ship Weight : 0.1 lbs.

",{'Curtis': ['WC-5310']}
32-1306 - LID GASKET,32-1306,150.70,"
There's no product description on-file for this part.
","


Ship Weight : 1.7 lbs.

",{'Henny Penny': ['16120']}
32-1308 - SEAL,32-1308,71.20,"
PUMP SEAL KIT
HENNY PENNY FRYER 500, 561, 600, OE/OG- 301,302,303
","


Ship Weight : 0.3 lbs.

",{'Henny Penny': ['17476']}
32-1309 - HOSE,32-1309,921.00,"
HI-TEMP FILTER HOSE 23"" W/ STREET ELBOW AND
MALE QUICK CONNECT FITTING.
20"" HOSE  W/ 3/8"" MPT RIGID ENDS.
PITCO FRYER BF14, E12, E14, E14B, E14X, E18, E18B, E7, E7B
","


Ship Weight : 1.3 lbs.

","{'Hunter': ['HF05023'], 'Pitco': ['54994', 'B6602401', 'B6602401-C', 'B6602401C', 'PT54994', 'PTB6602401', 'PTB6602401-C', 'PTB6602401C', 'PTB7406402']}"
32-1310 - HOSE,32-1310,528.51,"
5' X 3/8"" MPT X 1/2"" MPT
HI-TEMP HOSES for fryer filter grease hose
and for hot water hose.
NSF APPROVED.
-95 degrees to 485 degrees f.
295 PSI MAXIMUM WORKING PRESSURE.
685 psi burst pressure.
HOSE PER FT PLUS 1"" PER FITTING X 2 = 2"" T0 ADD FOR
TOTAL LENGTH
QUICK DISCONNECTS:
3/8"" MALE, DEAN, FRYMASTER, PITCO A3795, W-957, # 262792
3/8"" FEMALE, DEAN, FRYMASTER, PITCO A3383, W-598,# 262576
1/2"" MALE, DEAN, W-611, # 263625
1/2"" FEMALE, DEAN W-610, # 263627
","


Ship Weight : 2.5 lbs.

","{'Frymaster': ['1061428', '55210', '55453615', '810-2113', '8102113'], 'Hunter': ['HF05008']}"
32-1311 - GASKET (PER FT),32-1311,27.27,"
OVEN DOOR GASKET, PER FT. TEMP 500 F,
GRAY FIBERGLASS CLOTH, 7/8"" WIDE W/ 3/8"" BEAD,
HAS SPRING IN ROUND COMPRESSION SEAL.
GARLAND
SOUTHBEND CONVECTION OVEN 300, 1300, 1400
ALL W/ ""CO"" PREFIX
","


Ship Weight : 0.1 lbs.

","{'Garland': ['1304213', '1304214', '1304217', '1581600', '1581601', '1581602', '1581603', 'G03269R', 'GLG03269R']}"
"32-1312 - BURNER GASKET 3-5/16"" X 1-1/8""",32-1312,9.89,"
BURNER GASKET
[ 3-5/16"" X 1-1/8"" ] [FIBRE ] [ TYPE C]  [ GREEN  ]
[ 2.5"" CTR MOUNT HOLES ]
JADE GRILL JGM, JGT
SOLID STATE POCKET GAS DETECTOR # 85-1101
TEFLON THREAD SEALING TAPE, # 85-1109 (1/2"" X 520"")
TEFLON SEALING ""PINK"" H/D TAPE # 85-1130 (1/2"" X 260"")
""GRIPP"" HEAVT DUTY THREAD SEALER 1/2 PINT , # 85-1101
PTFE HEAVY DUTY THREAD SEALER 1/4 PINT # 85-1136
","


Ship Weight : 0.1 lbs.

","{'Jade Range': ['30-226', '300-226-000', '300226000', '3022600000', '3022600100']}"
"32-1316 - GASKET 18"" X 15.75""",32-1316,138.01,"
DOOR GASKET
[ 18"" X 15.75"" ] [RUBBER ] [ TYPE C]  [ ] GRAY  ]
CLEVELAND
STEAMER	CONVECTION STEAMER: 21-CET-16, 24-CGA-10,
24-CGP-10DC, 10 PAN UNITS. 24CDP10 1SCE
","


Ship Weight : 1.2 lbs.

",{'Cleveland': ['CLE104026']}
